unit_id,target,model,metric,value
0,target_export,flowstate,mae,212.11695861816406
0,target_export,flowstate,mse,103889.5546875
0,target_export,flowstate,rmse,322.31902625737126
0,target_export,flowstate,mape,48.8042106628418
0,target_export,flowstate,smape,59.822113037109375
0,target_import,flowstate,mae,133.1695556640625
0,target_import,flowstate,mse,24473.677734375
0,target_import,flowstate,rmse,156.44065243527655
0,target_import,flowstate,mape,56.44195556640625
0,target_import,flowstate,smape,41.53008270263672
1,target_export,flowstate,mae,3.6691465377807617
1,target_export,flowstate,mse,39.18714141845703
1,target_export,flowstate,rmse,6.259963371974075
1,target_export,flowstate,mape,118.73234558105469
1,target_export,flowstate,smape,91.9340591430664
1,target_import,flowstate,mae,1.2089910507202148
1,target_import,flowstate,mse,2.586622953414917
1,target_import,flowstate,rmse,1.608298154390198
1,target_import,flowstate,mape,53.993709564208984
1,target_import,flowstate,smape,39.65522384643555
2,target_export,flowstate,mae,849.258544921875
2,target_export,flowstate,mse,1610318.625
2,target_export,flowstate,rmse,1268.9833036726684
2,target_export,flowstate,mape,40.82137680053711
2,target_export,flowstate,smape,51.664066314697266
2,target_import,flowstate,mae,208.60569763183594
2,target_import,flowstate,mse,74907.125
2,target_import,flowstate,rmse,273.6916604502227
2,target_import,flowstate,mape,34.11602783203125
2,target_import,flowstate,smape,29.5874080657959
3,target_export,flowstate,mae,40.779056549072266
3,target_export,flowstate,mse,6777.81103515625
3,target_export,flowstate,rmse,82.32746221739286
3,target_export,flowstate,mape,2471.30517578125
3,target_export,flowstate,smape,105.3349380493164
3,target_import,flowstate,mae,118.10828399658203
3,target_import,flowstate,mse,32607.947265625
3,target_import,flowstate,rmse,180.57670742824226
3,target_import,flowstate,mape,30.811738967895508
3,target_import,flowstate,smape,21.2742862701416
4,target_export,flowstate,mae,100.6631851196289
4,target_export,flowstate,mse,40098.69921875
4,target_export,flowstate,rmse,200.24659602287875
4,target_export,flowstate,mape,738.7936401367188
4,target_export,flowstate,smape,96.95553588867188
4,target_import,flowstate,mae,126.54293060302734
4,target_import,flowstate,mse,31637.4375
4,target_import,flowstate,rmse,177.86915837210228
4,target_import,flowstate,mape,29.056621551513672
4,target_import,flowstate,smape,21.268539428710938
5,target_export,flowstate,mae,549.8179321289062
5,target_export,flowstate,mse,1027828.6875
5,target_export,flowstate,rmse,1013.818863259113
5,target_export,flowstate,mape,112.03857421875
5,target_export,flowstate,smape,73.11711120605469
5,target_import,flowstate,mae,1081.2232666015625
5,target_import,flowstate,mse,2413380.25
5,target_import,flowstate,rmse,1553.5057933590076
5,target_import,flowstate,mape,21.357587814331055
5,target_import,flowstate,smape,16.988615036010742
6,target_export,flowstate,mae,7.216593265533447
6,target_export,flowstate,mse,116.0633316040039
6,target_export,flowstate,rmse,10.773269308988981
6,target_export,flowstate,mape,46.7617073059082
6,target_export,flowstate,smape,49.60398864746094
6,target_import,flowstate,mae,2.703019380569458
6,target_import,flowstate,mse,11.732007026672363
6,target_import,flowstate,rmse,3.4252017497765532
6,target_import,flowstate,mape,38.99341583251953
6,target_import,flowstate,smape,33.82048797607422
7,target_export,flowstate,mae,29.039194107055664
7,target_export,flowstate,mse,1687.20556640625
7,target_export,flowstate,rmse,41.07560792497477
7,target_export,flowstate,mape,37.810646057128906
7,target_export,flowstate,smape,50.38856887817383
7,target_import,flowstate,mae,9.012913703918457
7,target_import,flowstate,mse,141.12246704101562
7,target_import,flowstate,rmse,11.879497760470164
7,target_import,flowstate,mape,33.2267951965332
7,target_import,flowstate,smape,31.732648849487305
8,target_export,flowstate,mae,12.061612129211426
8,target_export,flowstate,mse,346.576904296875
8,target_export,flowstate,rmse,18.61657606266187
8,target_export,flowstate,mape,2738975.0
8,target_export,flowstate,smape,85.4453353881836
8,target_import,flowstate,mae,11.070237159729004
8,target_import,flowstate,mse,174.0189666748047
8,target_import,flowstate,rmse,13.19162486863558
8,target_import,flowstate,mape,21.146839141845703
8,target_import,flowstate,smape,18.176834106445312
9,target_export,flowstate,mae,94.34930419921875
9,target_export,flowstate,mse,19551.9296875
9,target_export,flowstate,rmse,139.82821491923582
9,target_export,flowstate,mape,58.603031158447266
9,target_export,flowstate,smape,78.88982391357422
9,target_import,flowstate,mae,8.29985523223877
9,target_import,flowstate,mse,123.5738525390625
9,target_import,flowstate,rmse,11.116377671663665
9,target_import,flowstate,mape,29.533546447753906
9,target_import,flowstate,smape,30.517498016357422
10,target_export,flowstate,mae,46.312191009521484
10,target_export,flowstate,mse,6209.95166015625
10,target_export,flowstate,rmse,78.80324650771851
10,target_export,flowstate,mape,2499.539306640625
10,target_export,flowstate,smape,105.78012084960938
10,target_import,flowstate,mae,93.79773712158203
10,target_import,flowstate,mse,13087.6875
10,target_import,flowstate,rmse,114.40143137216423
10,target_import,flowstate,mape,30.846336364746094
10,target_import,flowstate,smape,24.937625885009766
11,target_export,flowstate,mae,18.14732551574707
11,target_export,flowstate,mse,900.5647583007812
11,target_export,flowstate,rmse,30.00941116218013
11,target_export,flowstate,mape,198.0182342529297
11,target_export,flowstate,smape,66.69023895263672
11,target_import,flowstate,mae,7.570931911468506
11,target_import,flowstate,mse,86.63955688476562
11,target_import,flowstate,rmse,9.308037219777628
11,target_import,flowstate,mape,43.06528091430664
11,target_import,flowstate,smape,34.220401763916016
12,target_export,flowstate,mae,82.01067352294922
12,target_export,flowstate,mse,17048.0859375
12,target_export,flowstate,rmse,130.56831904217808
12,target_export,flowstate,mape,57.85639953613281
12,target_export,flowstate,smape,53.650264739990234
12,target_import,flowstate,mae,15.885788917541504
12,target_import,flowstate,mse,433.8883056640625
12,target_import,flowstate,rmse,20.82998573365
12,target_import,flowstate,mape,36.407684326171875
12,target_import,flowstate,smape,34.61891555786133
13,target_export,flowstate,mae,13.286735534667969
13,target_export,flowstate,mse,551.0038452148438
13,target_export,flowstate,rmse,23.473471094298
13,target_export,flowstate,mape,72.48329162597656
13,target_export,flowstate,smape,85.70095825195312
13,target_import,flowstate,mae,9.689488410949707
13,target_import,flowstate,mse,143.4814453125
13,target_import,flowstate,rmse,11.978374067981848
13,target_import,flowstate,mape,159.81332397460938
13,target_import,flowstate,smape,48.735721588134766
14,target_export,flowstate,mae,145.29685974121094
14,target_export,flowstate,mse,57665.96484375
14,target_export,flowstate,rmse,240.13738743425606
14,target_export,flowstate,mape,2736796.0
14,target_export,flowstate,smape,97.36209106445312
14,target_import,flowstate,mae,166.0406036376953
14,target_import,flowstate,mse,41535.86328125
14,target_import,flowstate,rmse,203.8034918279125
14,target_import,flowstate,mape,72.64232635498047
14,target_import,flowstate,smape,38.622413635253906
15,target_export,flowstate,mae,24.10139274597168
15,target_export,flowstate,mse,1587.4595947265625
15,target_export,flowstate,rmse,39.84293657257911
15,target_export,flowstate,mape,687.8759155273438
15,target_export,flowstate,smape,94.5986328125
15,target_import,flowstate,mae,4.418416500091553
15,target_import,flowstate,mse,28.286874771118164
15,target_import,flowstate,rmse,5.318540661790428
15,target_import,flowstate,mape,50.632564544677734
15,target_import,flowstate,smape,40.520050048828125
16,target_export,flowstate,mae,69.94879913330078
16,target_export,flowstate,mse,12786.65625
16,target_export,flowstate,rmse,113.07809801194925
16,target_export,flowstate,mape,212.44528198242188
16,target_export,flowstate,smape,86.77298736572266
16,target_import,flowstate,mae,8.521061897277832
16,target_import,flowstate,mse,109.59283447265625
16,target_import,flowstate,rmse,10.468659631139808
16,target_import,flowstate,mape,36.7767333984375
16,target_import,flowstate,smape,32.18675994873047
17,target_export,flowstate,mae,155.42494201660156
17,target_export,flowstate,mse,89510.15625
17,target_export,flowstate,rmse,299.1824798513442
17,target_export,flowstate,mape,134.27859497070312
17,target_export,flowstate,smape,127.51119995117188
17,target_import,flowstate,mae,274.6108703613281
17,target_import,flowstate,mse,127702.1875
17,target_import,flowstate,rmse,357.3544284040706
17,target_import,flowstate,mape,1710.9141845703125
17,target_import,flowstate,smape,68.53483581542969
18,target_export,flowstate,mae,133.41978454589844
18,target_export,flowstate,mse,54293.08203125
18,target_export,flowstate,rmse,233.00875955905607
18,target_export,flowstate,mape,451.5774230957031
18,target_export,flowstate,smape,104.92939758300781
18,target_import,flowstate,mae,157.2023162841797
18,target_import,flowstate,mse,43112.94140625
18,target_import,flowstate,rmse,207.63656086115952
18,target_import,flowstate,mape,44.995784759521484
18,target_import,flowstate,smape,28.69931411743164
19,target_export,flowstate,mae,41.59489822387695
19,target_export,flowstate,mse,3759.773193359375
19,target_export,flowstate,rmse,61.316989434897856
19,target_export,flowstate,mape,51.08000564575195
19,target_export,flowstate,smape,65.92432403564453
19,target_import,flowstate,mae,11.465583801269531
19,target_import,flowstate,mse,214.49864196777344
19,target_import,flowstate,rmse,14.645772153347648
19,target_import,flowstate,mape,41.668060302734375
19,target_import,flowstate,smape,32.806678771972656
20,target_export,flowstate,mae,133.1037139892578
20,target_export,flowstate,mse,39505.22265625
20,target_export,flowstate,rmse,198.75920772696293
20,target_export,flowstate,mape,85.81100463867188
20,target_export,flowstate,smape,68.5767593383789
20,target_import,flowstate,mae,23.915884017944336
20,target_import,flowstate,mse,925.6768188476562
20,target_import,flowstate,rmse,30.42493745018478
20,target_import,flowstate,mape,34.02857971191406
20,target_import,flowstate,smape,30.251615524291992
21,target_export,flowstate,mae,25.821969985961914
21,target_export,flowstate,mse,2111.60205078125
21,target_export,flowstate,rmse,45.952171339135326
21,target_export,flowstate,mape,52.54759979248047
21,target_export,flowstate,smape,97.79328918457031
21,target_import,flowstate,mae,48.185909271240234
21,target_import,flowstate,mse,4246.03857421875
21,target_import,flowstate,rmse,65.16163421998216
21,target_import,flowstate,mape,196.94961547851562
21,target_import,flowstate,smape,39.212371826171875
22,target_export,flowstate,mae,37.0267219543457
22,target_export,flowstate,mse,4428.31396484375
22,target_export,flowstate,rmse,66.5455781013566
22,target_export,flowstate,mape,3073252.5
22,target_export,flowstate,smape,99.52010345458984
22,target_import,flowstate,mae,56.297454833984375
22,target_import,flowstate,mse,5942.25146484375
22,target_import,flowstate,rmse,77.0860004465386
22,target_import,flowstate,mape,554.0938720703125
22,target_import,flowstate,smape,49.94747543334961
23,target_export,flowstate,mae,190.0784454345703
23,target_export,flowstate,mse,87844.0390625
23,target_export,flowstate,rmse,296.3849508030055
23,target_export,flowstate,mape,156.33563232421875
23,target_export,flowstate,smape,75.71382141113281
23,target_import,flowstate,mae,189.1435089111328
23,target_import,flowstate,mse,55226.18359375
23,target_import,flowstate,rmse,235.0025182710815
23,target_import,flowstate,mape,36.82260513305664
23,target_import,flowstate,smape,29.0930118560791
24,target_export,flowstate,mae,19.856321334838867
24,target_export,flowstate,mse,1392.5572509765625
24,target_export,flowstate,rmse,37.316983412068055
24,target_export,flowstate,mape,1172.419189453125
24,target_export,flowstate,smape,119.85477447509766
24,target_import,flowstate,mae,36.78460693359375
24,target_import,flowstate,mse,3331.339111328125
24,target_import,flowstate,rmse,57.71775386593041
24,target_import,flowstate,mape,161.8434600830078
24,target_import,flowstate,smape,37.44769287109375
25,target_export,flowstate,mae,52.80706787109375
25,target_export,flowstate,mse,6418.32177734375
25,target_export,flowstate,rmse,80.11442927053622
25,target_export,flowstate,mape,50.151039123535156
25,target_export,flowstate,smape,65.83517456054688
25,target_import,flowstate,mae,22.839372634887695
25,target_import,flowstate,mse,728.1282348632812
25,target_import,flowstate,rmse,26.98385137194617
25,target_import,flowstate,mape,66.40347290039062
25,target_import,flowstate,smape,46.414939880371094
27,target_export,flowstate,mae,236.9820098876953
27,target_export,flowstate,mse,117345.4609375
27,target_export,flowstate,rmse,342.55723746185834
27,target_export,flowstate,mape,56.52158737182617
27,target_export,flowstate,smape,76.01211547851562
27,target_import,flowstate,mae,36.1889533996582
27,target_import,flowstate,mse,2018.5361328125
27,target_import,flowstate,rmse,44.92812184826448
27,target_import,flowstate,mape,36.305084228515625
27,target_import,flowstate,smape,30.375656127929688
28,target_export,flowstate,mae,974.9874877929688
28,target_export,flowstate,mse,2190872.25
28,target_export,flowstate,rmse,1480.159535320433
28,target_export,flowstate,mape,89.96819305419922
28,target_export,flowstate,smape,172.99655151367188
28,target_import,flowstate,mae,183.6048126220703
28,target_import,flowstate,mse,47963.859375
28,target_import,flowstate,rmse,219.00652815612597
28,target_import,flowstate,mape,527.6719360351562
28,target_import,flowstate,smape,70.69630432128906
29,target_export,flowstate,mae,105.54297637939453
29,target_export,flowstate,mse,45361.296875
29,target_export,flowstate,rmse,212.981916779336
29,target_export,flowstate,mape,4891954.5
29,target_export,flowstate,smape,101.18632507324219
29,target_import,flowstate,mae,188.17352294921875
29,target_import,flowstate,mse,62858.57421875
29,target_import,flowstate,rmse,250.71612277384557
29,target_import,flowstate,mape,627.1703491210938
29,target_import,flowstate,smape,58.4725456237793
30,target_export,flowstate,mae,164.7163543701172
30,target_export,flowstate,mse,68450.0859375
30,target_export,flowstate,rmse,261.6296732740765
30,target_export,flowstate,mape,58.07197570800781
30,target_export,flowstate,smape,82.10368347167969
30,target_import,flowstate,mae,88.9012451171875
30,target_import,flowstate,mse,20040.748046875
30,target_import,flowstate,rmse,141.56534903314088
30,target_import,flowstate,mape,18.601905822753906
30,target_import,flowstate,smape,14.610336303710938
31,target_export,flowstate,mae,35.87211990356445
31,target_export,flowstate,mse,2946.2412109375
31,target_export,flowstate,rmse,54.279288968606615
31,target_export,flowstate,mape,99.24630737304688
31,target_export,flowstate,smape,99.50215911865234
31,target_import,flowstate,mae,7.2012152671813965
31,target_import,flowstate,mse,77.90351104736328
31,target_import,flowstate,rmse,8.826296564661947
31,target_import,flowstate,mape,80.42306518554688
31,target_import,flowstate,smape,48.713348388671875
32,target_export,flowstate,mae,93.87789154052734
32,target_export,flowstate,mse,20128.53125
32,target_export,flowstate,rmse,141.8750550660686
32,target_export,flowstate,mape,82.00885772705078
32,target_export,flowstate,smape,83.6679916381836
32,target_import,flowstate,mae,11.467780113220215
32,target_import,flowstate,mse,206.5006561279297
32,target_import,flowstate,rmse,14.370130692792243
32,target_import,flowstate,mape,33.42066955566406
32,target_import,flowstate,smape,31.185028076171875
33,target_export,flowstate,mae,539.8193969726562
33,target_export,flowstate,mse,665467.1875
33,target_export,flowstate,rmse,815.7617222571797
33,target_export,flowstate,mape,432.89923095703125
33,target_export,flowstate,smape,162.155517578125
33,target_import,flowstate,mae,80.74698638916016
33,target_import,flowstate,mse,12162.25
33,target_import,flowstate,rmse,110.28259155460576
33,target_import,flowstate,mape,50.41804885864258
33,target_import,flowstate,smape,30.174823760986328
34,target_export,flowstate,mae,29.6859188079834
34,target_export,flowstate,mse,2120.506591796875
34,target_export,flowstate,rmse,46.04895863965737
34,target_export,flowstate,mape,131.1140899658203
34,target_export,flowstate,smape,72.06917572021484
34,target_import,flowstate,mae,8.971756935119629
34,target_import,flowstate,mse,135.309326171875
34,target_import,flowstate,rmse,11.632253701320092
34,target_import,flowstate,mape,45.93623733520508
34,target_import,flowstate,smape,35.54878234863281
35,target_export,flowstate,mae,100.0317153930664
35,target_export,flowstate,mse,21110.787109375
35,target_export,flowstate,rmse,145.2955164806368
35,target_export,flowstate,mape,34.625579833984375
35,target_export,flowstate,smape,45.239646911621094
35,target_import,flowstate,mae,22.534975051879883
35,target_import,flowstate,mse,830.2619018554688
35,target_import,flowstate,rmse,28.81426559632344
35,target_import,flowstate,mape,29.73093605041504
35,target_import,flowstate,smape,28.08479881286621
36,target_export,flowstate,mae,21.353492736816406
36,target_export,flowstate,mse,1159.6201171875
36,target_export,flowstate,rmse,34.05319540347866
36,target_export,flowstate,mape,459.1669921875
36,target_export,flowstate,smape,98.56078338623047
36,target_import,flowstate,mae,11.283516883850098
36,target_import,flowstate,mse,167.17779541015625
36,target_import,flowstate,rmse,12.929725264295303
36,target_import,flowstate,mape,117.88470458984375
36,target_import,flowstate,smape,52.76567459106445
37,target_export,flowstate,mae,206.9415283203125
37,target_export,flowstate,mse,87769.4296875
37,target_export,flowstate,rmse,296.2590584058148
37,target_export,flowstate,mape,220.46534729003906
37,target_export,flowstate,smape,121.3200912475586
37,target_import,flowstate,mae,55.910491943359375
37,target_import,flowstate,mse,5990.43994140625
37,target_import,flowstate,rmse,77.39793241040907
37,target_import,flowstate,mape,40.50906753540039
37,target_import,flowstate,smape,26.967063903808594
38,target_export,flowstate,mae,41.972564697265625
38,target_export,flowstate,mse,3577.141845703125
38,target_export,flowstate,rmse,59.80921204716816
38,target_export,flowstate,mape,88.9827651977539
38,target_export,flowstate,smape,71.14212036132812
38,target_import,flowstate,mae,8.470711708068848
38,target_import,flowstate,mse,121.44649505615234
38,target_import,flowstate,rmse,11.020276541727632
38,target_import,flowstate,mape,40.84671401977539
38,target_import,flowstate,smape,31.684938430786133
39,target_export,flowstate,mae,174.0156707763672
39,target_export,flowstate,mse,60581.21875
39,target_export,flowstate,rmse,246.13252273927557
39,target_export,flowstate,mape,101.98887634277344
39,target_export,flowstate,smape,87.74777221679688
39,target_import,flowstate,mae,24.11820411682129
39,target_import,flowstate,mse,999.244873046875
39,target_import,flowstate,rmse,31.610834741380604
39,target_import,flowstate,mape,37.31149673461914
39,target_import,flowstate,smape,31.98302459716797
40,target_export,flowstate,mae,18.324172973632812
40,target_export,flowstate,mse,1083.0447998046875
40,target_export,flowstate,rmse,32.909645999382725
40,target_export,flowstate,mape,1137.85546875
40,target_export,flowstate,smape,98.57835388183594
40,target_import,flowstate,mae,47.597476959228516
40,target_import,flowstate,mse,6258.16455078125
40,target_import,flowstate,rmse,79.10856180453068
40,target_import,flowstate,mape,476.2366638183594
40,target_import,flowstate,smape,41.796382904052734
42,target_export,flowstate,mae,163.2355499267578
42,target_export,flowstate,mse,55228.51953125
42,target_export,flowstate,rmse,235.00748824505573
42,target_export,flowstate,mape,51.03791809082031
42,target_export,flowstate,smape,46.301780700683594
42,target_import,flowstate,mae,180.91552734375
42,target_import,flowstate,mse,43215.19140625
42,target_import,flowstate,rmse,207.88263853975397
42,target_import,flowstate,mape,39.324951171875
42,target_import,flowstate,smape,29.585552215576172
43,target_export,flowstate,mae,131.4040985107422
43,target_export,flowstate,mse,40445.85546875
43,target_export,flowstate,rmse,201.11154981440026
43,target_export,flowstate,mape,62.71786117553711
43,target_export,flowstate,smape,83.90054321289062
43,target_import,flowstate,mae,30.487112045288086
43,target_import,flowstate,mse,1412.6685791015625
43,target_import,flowstate,rmse,37.585483622025706
43,target_import,flowstate,mape,50.58293151855469
43,target_import,flowstate,smape,36.72500991821289
45,target_export,flowstate,mae,622.8858032226562
45,target_export,flowstate,mse,854677.25
45,target_export,flowstate,rmse,924.4875607600137
45,target_export,flowstate,mape,55.52471923828125
45,target_export,flowstate,smape,82.29562377929688
45,target_import,flowstate,mae,79.48241424560547
45,target_import,flowstate,mse,10147.7275390625
45,target_import,flowstate,rmse,100.73592973245692
45,target_import,flowstate,mape,32.3028450012207
45,target_import,flowstate,smape,31.03226661682129
46,target_export,flowstate,mae,127.59993743896484
46,target_export,flowstate,mse,40121.94140625
46,target_export,flowstate,rmse,200.30462152993374
46,target_export,flowstate,mape,2944.24755859375
46,target_export,flowstate,smape,109.28488159179688
46,target_import,flowstate,mae,131.69024658203125
46,target_import,flowstate,mse,49050.88671875
46,target_import,flowstate,rmse,221.47434776684636
46,target_import,flowstate,mape,228.0985870361328
46,target_import,flowstate,smape,39.44523239135742
48,target_export,flowstate,mae,510.3733825683594
48,target_export,flowstate,mse,690385.8125
48,target_export,flowstate,rmse,830.894585672575
48,target_export,flowstate,mape,1119.8753662109375
48,target_export,flowstate,smape,95.4475326538086
48,target_import,flowstate,mae,1182.177490234375
48,target_import,flowstate,mse,2807458.75
48,target_import,flowstate,rmse,1675.5472986460275
48,target_import,flowstate,mape,43.20094299316406
48,target_import,flowstate,smape,27.010217666625977
49,target_export,flowstate,mae,38.45466232299805
49,target_export,flowstate,mse,10432.1904296875
49,target_export,flowstate,rmse,102.1380948994424
49,target_export,flowstate,mape,229.74093627929688
49,target_export,flowstate,smape,99.44203186035156
49,target_import,flowstate,mae,139.25665283203125
49,target_import,flowstate,mse,38208.27734375
49,target_import,flowstate,rmse,195.46937699739567
49,target_import,flowstate,mape,38.45436477661133
49,target_import,flowstate,smape,26.719358444213867
50,target_export,flowstate,mae,9.155445098876953
50,target_export,flowstate,mse,201.90771484375
50,target_export,flowstate,rmse,14.209423452193619
50,target_export,flowstate,mape,63.001590728759766
50,target_export,flowstate,smape,80.94027709960938
50,target_import,flowstate,mae,4.312725067138672
50,target_import,flowstate,mse,25.88289451599121
50,target_import,flowstate,rmse,5.087523416751142
50,target_import,flowstate,mape,250.248046875
50,target_import,flowstate,smape,72.38829803466797
51,target_export,flowstate,mae,86.8248519897461
51,target_export,flowstate,mse,16067.875
51,target_export,flowstate,rmse,126.75912195972327
51,target_export,flowstate,mape,99.91314697265625
51,target_export,flowstate,smape,90.97187042236328
51,target_import,flowstate,mae,9.608306884765625
51,target_import,flowstate,mse,144.6852264404297
51,target_import,flowstate,rmse,12.02851721703177
51,target_import,flowstate,mape,24.75197982788086
51,target_import,flowstate,smape,26.2536678314209
52,target_export,flowstate,mae,3252.212890625
52,target_export,flowstate,mse,21360872.0
52,target_export,flowstate,rmse,4621.782340180031
52,target_export,flowstate,mape,2693947.0
52,target_export,flowstate,smape,190.17872619628906
52,target_import,flowstate,mae,65.09805297851562
52,target_import,flowstate,mse,6126.46240234375
52,target_import,flowstate,rmse,78.27172160074001
52,target_import,flowstate,mape,109.06208801269531
52,target_import,flowstate,smape,46.647491455078125
53,target_export,flowstate,mae,27.16080665588379
53,target_export,flowstate,mse,1929.8023681640625
53,target_export,flowstate,rmse,43.92951591087776
53,target_export,flowstate,mape,187.43902587890625
53,target_export,flowstate,smape,85.78948974609375
53,target_import,flowstate,mae,7.946889400482178
53,target_import,flowstate,mse,108.4445571899414
53,target_import,flowstate,rmse,10.41367164788392
53,target_import,flowstate,mape,42.06795883178711
53,target_import,flowstate,smape,33.00941467285156
54,target_export,flowstate,mae,178.6790008544922
54,target_export,flowstate,mse,73194.0625
54,target_export,flowstate,rmse,270.54401213111333
54,target_export,flowstate,mape,51.8623161315918
54,target_export,flowstate,smape,71.84457397460938
54,target_import,flowstate,mae,29.95660400390625
54,target_import,flowstate,mse,1437.94189453125
54,target_import,flowstate,rmse,37.92020430497771
54,target_import,flowstate,mape,34.08816909790039
54,target_import,flowstate,smape,30.010217666625977
55,target_export,flowstate,mae,27.80375099182129
55,target_export,flowstate,mse,1620.0863037109375
55,target_export,flowstate,rmse,40.250295697186345
55,target_export,flowstate,mape,1600815.375
55,target_export,flowstate,smape,119.73346710205078
55,target_import,flowstate,mae,38.121280670166016
55,target_import,flowstate,mse,4819.12939453125
55,target_import,flowstate,rmse,69.41994954284576
55,target_import,flowstate,mape,94.21315002441406
55,target_import,flowstate,smape,32.932559967041016
56,target_export,flowstate,mae,315.7241516113281
56,target_export,flowstate,mse,298610.375
56,target_export,flowstate,rmse,546.4525368227327
56,target_export,flowstate,mape,2009.5360107421875
56,target_export,flowstate,smape,94.88520050048828
56,target_import,flowstate,mae,382.1651306152344
56,target_import,flowstate,mse,380475.59375
56,target_import,flowstate,rmse,616.827037142504
56,target_import,flowstate,mape,66.86839294433594
56,target_import,flowstate,smape,31.557241439819336
57,target_export,flowstate,mae,34.42852783203125
57,target_export,flowstate,mse,2828.954345703125
57,target_export,flowstate,rmse,53.18791541039304
57,target_export,flowstate,mape,1155.7532958984375
57,target_export,flowstate,smape,107.15379333496094
57,target_import,flowstate,mae,6.682671070098877
57,target_import,flowstate,mse,65.51300048828125
57,target_import,flowstate,rmse,8.094010161117989
57,target_import,flowstate,mape,34.94881057739258
57,target_import,flowstate,smape,28.0245418548584
58,target_export,flowstate,mae,171.9210205078125
58,target_export,flowstate,mse,67487.1875
58,target_export,flowstate,rmse,259.78296229737623
58,target_export,flowstate,mape,53.059776306152344
58,target_export,flowstate,smape,77.92765808105469
58,target_import,flowstate,mae,13.567591667175293
58,target_import,flowstate,mse,293.2073669433594
58,target_import,flowstate,rmse,17.123298950358816
58,target_import,flowstate,mape,30.985912322998047
58,target_import,flowstate,smape,26.435550689697266
59,target_export,flowstate,mae,43.655914306640625
59,target_export,flowstate,mse,4588.5908203125
59,target_export,flowstate,rmse,67.73913802457557
59,target_export,flowstate,mape,76.25285339355469
59,target_export,flowstate,smape,104.98546600341797
59,target_import,flowstate,mae,16.023752212524414
59,target_import,flowstate,mse,482.5711669921875
59,target_import,flowstate,rmse,21.967502520591353
59,target_import,flowstate,mape,226.369384765625
59,target_import,flowstate,smape,51.5861701965332
60,target_export,flowstate,mae,157.829833984375
60,target_export,flowstate,mse,66232.8984375
60,target_export,flowstate,rmse,257.357530368746
60,target_export,flowstate,mape,3743347.0
60,target_export,flowstate,smape,114.37844848632812
60,target_import,flowstate,mae,104.5216293334961
60,target_import,flowstate,mse,31248.759765625
60,target_import,flowstate,rmse,176.77318734928383
60,target_import,flowstate,mape,245.0348663330078
60,target_import,flowstate,smape,40.11207962036133
61,target_export,flowstate,mae,7.211452484130859
61,target_export,flowstate,mse,123.85818481445312
61,target_export,flowstate,rmse,11.129159214174857
61,target_export,flowstate,mape,235.78067016601562
61,target_export,flowstate,smape,108.0771484375
61,target_import,flowstate,mae,31.558984756469727
61,target_import,flowstate,mse,1031.1251220703125
61,target_import,flowstate,rmse,32.111137041068986
61,target_import,flowstate,mape,8770.091796875
61,target_import,flowstate,smape,147.95298767089844
62,target_export,flowstate,mae,20.303709030151367
62,target_export,flowstate,mse,889.6442260742188
62,target_export,flowstate,rmse,29.826904399790113
62,target_export,flowstate,mape,680.8683471679688
62,target_export,flowstate,smape,98.44002532958984
62,target_import,flowstate,mae,7.866907596588135
62,target_import,flowstate,mse,95.42471313476562
62,target_import,flowstate,rmse,9.768557372241084
62,target_import,flowstate,mape,63.451988220214844
62,target_import,flowstate,smape,46.054996490478516
63,target_export,flowstate,mae,23.33119773864746
63,target_export,flowstate,mse,1322.5926513671875
63,target_export,flowstate,rmse,36.36746693635931
63,target_export,flowstate,mape,263.8154602050781
63,target_export,flowstate,smape,96.77125549316406
63,target_import,flowstate,mae,11.259394645690918
63,target_import,flowstate,mse,224.8714141845703
63,target_import,flowstate,rmse,14.995713193595373
63,target_import,flowstate,mape,128.27381896972656
63,target_import,flowstate,smape,43.832115173339844
64,target_export,flowstate,mae,31.346466064453125
64,target_export,flowstate,mse,3110.213623046875
64,target_export,flowstate,rmse,55.7692892463843
64,target_export,flowstate,mape,50.1121940612793
64,target_export,flowstate,smape,99.39524841308594
64,target_import,flowstate,mae,145.86097717285156
64,target_import,flowstate,mse,53553.11328125
64,target_import,flowstate,rmse,231.41545601201747
64,target_import,flowstate,mape,97.15100860595703
64,target_import,flowstate,smape,39.2142448425293
65,target_export,flowstate,mae,8.369033813476562
65,target_export,flowstate,mse,168.89186096191406
65,target_export,flowstate,rmse,12.995840140672478
65,target_export,flowstate,mape,854.6184692382812
65,target_export,flowstate,smape,111.44127655029297
65,target_import,flowstate,mae,21.912439346313477
65,target_import,flowstate,mse,740.5750122070312
65,target_import,flowstate,rmse,27.213507899699945
65,target_import,flowstate,mape,49.15276336669922
65,target_import,flowstate,smape,35.164669036865234
66,target_export,flowstate,mae,20.951950073242188
66,target_export,flowstate,mse,1096.2921142578125
66,target_export,flowstate,rmse,33.11030223748815
66,target_export,flowstate,mape,196.5586700439453
66,target_export,flowstate,smape,110.62342071533203
66,target_import,flowstate,mae,16.363555908203125
66,target_import,flowstate,mse,369.3367919921875
66,target_import,flowstate,rmse,19.218137058315186
66,target_import,flowstate,mape,1853.780517578125
66,target_import,flowstate,smape,62.00117492675781
67,target_export,flowstate,mae,32.074615478515625
67,target_export,flowstate,mse,3383.2734375
67,target_export,flowstate,rmse,58.165913020428036
67,target_export,flowstate,mape,4827167.5
67,target_export,flowstate,smape,123.98444366455078
67,target_import,flowstate,mae,107.57572174072266
67,target_import,flowstate,mse,16100.9501953125
67,target_import,flowstate,rmse,126.88951964332003
67,target_import,flowstate,mape,152.22181701660156
67,target_import,flowstate,smape,50.398658752441406
68,target_export,flowstate,mae,61.941036224365234
68,target_export,flowstate,mse,8514.6435546875
68,target_export,flowstate,rmse,92.27482622409809
68,target_export,flowstate,mape,126.27853393554688
68,target_export,flowstate,smape,184.1793212890625
68,target_import,flowstate,mae,8.468472480773926
68,target_import,flowstate,mse,263.2120056152344
68,target_import,flowstate,rmse,16.223809836633144
68,target_import,flowstate,mape,4005.51416015625
68,target_import,flowstate,smape,123.747314453125
